{
  "Easy": [
    { "country_code": "US", "country_name": "United States", "capital": "Washington, D.C." },
    { "country_code": "GB", "country_name": "United Kingdom", "capital": "London" },
    { "country_code": "AU", "country_name": "Australia", "capital": "Canberra" },
    { "country_code": "CA", "country_name": "Canada", "capital": "Ottawa" },
    { "country_code": "FR", "country_name": "France", "capital": "Paris" },
    { "country_code": "IT", "country_name": "Italy", "capital": "Rome" },
    { "country_code": "NZ", "country_name": "New Zealand", "capital": "Wellington" },
    { "country_code": "RU", "country_name": "Russia", "capital": "Moscow" },
    { "country_code": "IE", "country_name": "Ireland", "capital": "Dublin" },
    { "country_code": "JP", "country_name": "Japan", "capital": "Tokyo" },
    { "country_code": "BR", "country_name": "Brazil", "capital": "Brasília" },
    { "country_code": "KR", "country_name": "South Korea", "capital": "Seoul" },
    { "country_code": "NL", "country_name": "Netherlands", "capital": "Amsterdam" },
    { "country_code": "CN", "country_name": "China", "capital": "Beijing" },
    { "country_code": "SE", "country_name": "Sweden", "capital": "Stockholm" },
    { "country_code": "GR", "country_name": "Greece", "capital": "Athens" },
    { "country_code": "FI", "country_name": "Finland", "capital": "Helsinki" },
    { "country_code": "NO", "country_name": "Norway", "capital": "Oslo" },
    { "country_code": "DE", "country_name": "Germany", "capital": "Berlin" },
    { "country_code": "IL", "country_name": "Israel", "capital": "Jerusalem" },
    { "country_code": "CH", "country_name": "Switzerland", "capital": "Bern" },
    { "country_code": "ES", "country_name": "Spain", "capital": "Madrid" },
    { "country_code": "TR", "country_name": "Türkiye", "capital": "Ankara" },
    { "country_code": "DK", "country_name": "Denmark", "capital": "Copenhagen" },
    { "country_code": "IN", "country_name": "India", "capital": "New Delhi" },
    { "country_code": "BE", "country_name": "Belgium", "capital": "Brussels" },
    { "country_code": "MX", "country_name": "Mexico", "capital": "Mexico City" },
    { "country_code": "ZA", "country_name": "South Africa", "capital": "Pretoria" },
    { "country_code": "JM", "country_name": "Jamaica", "capital": "Kingston" },
    { "country_code": "AR", "country_name": "Argentina", "capital": "Buenos Aires" },
    { "country_code": "IS", "country_name": "Iceland", "capital": "Reykjavík" },
    { "country_code": "PL", "country_name": "Poland", "capital": "Warsaw" },
    { "country_code": "CY", "country_name": "Cyprus", "capital": "Nicosia" },
    { "country_code": "AL", "country_name": "Albania", "capital": "Tirana" },
    { "country_code": "GE", "country_name": "Georgia", "capital": "Tbilisi" },
    { "country_code": "NP", "country_name": "Nepal", "capital": "Kathmandu" },
    { "country_code": "SA", "country_name": "Saudi Arabia", "capital": "Riyadh" },
    { "country_code": "VN", "country_name": "Vietnam", "capital": "Hanoi" },
    { "country_code": "BD", "country_name": "Bangladesh", "capital": "Dhaka" },
    { "country_code": "CI", "country_name": "Ivory Coast", "capital": "Yamoussoukro" },
    { "country_code": "BG", "country_name": "Bulgaria", "capital": "Sofia" },
    { "country_code": "PK", "country_name": "Pakistan", "capital": "Islamabad" },
    { "country_code": "HU", "country_name": "Hungary", "capital": "Budapest" },
    { "country_code": "LB", "country_name": "Lebanon", "capital": "Beirut" },
    { "country_code": "EG", "country_name": "Egypt", "capital": "Cairo" },
    { "country_code": "VA", "country_name": "Vatican City", "capital": "Vatican City" },
    { "country_code": "AT", "country_name": "Austria", "capital": "Vienna" },
    { "country_code": "KE", "country_name": "Kenya", "capital": "Nairobi" },
    { "country_code": "KP", "country_name": "North Korea", "capital": "Pyongyang" },
    { "country_code": "UY", "country_name": "Uruguay", "capital": "Montevideo" },
    { "country_code": "HR", "country_name": "Croatia", "capital": "Zagreb" },
    { "country_code": "IR", "country_name": "Iran", "capital": "Tehran" },
    { "country_code": "KV", "country_name": "Kosovo", "capital": "Pristina" },
    { "country_code": "MK", "country_name": "North Macedonia", "capital": "Skopje" },
    { "country_code": "BT", "country_name": "Bhutan", "capital": "Thimphu" },
    { "country_code": "ID", "country_name": "Indonesia", "capital": "Jakarta" },
    { "country_code": "MY", "country_name": "Malaysia", "capital": "Kuala Lumpur" },
    { "country_code": "MT", "country_name": "Malta", "capital": "Valletta" },
    { "country_code": "DZ", "country_name": "Algeria", "capital": "Algiers" },
    { "country_code": "IQ", "country_name": "Iraq", "capital": "Baghdad" },
    { "country_code": "PT", "country_name": "Portugal", "capital": "Lisbon" },
    { "country_code": "CL", "country_name": "Chile", "capital": "Santiago" },
    { "country_code": "TN", "country_name": "Tunisia", "capital": "Tunis" },
    { "country_code": "CZ", "country_name": "Czech Republic", "capital": "Prague" }
  ],
  "Medium": [
    { "country_code": "SK", "country_name": "Slovakia", "capital": "Bratislava" },
    { "country_code": "VE", "country_name": "Venezuela", "capital": "Caracas" },
    { "country_code": "DO", "country_name": "Dominican Republic", "capital": "Santo Domingo" },
    { "country_code": "BB", "country_name": "Barbados", "capital": "Bridgetown" },
    { "country_code": "CU", "country_name": "Cuba", "capital": "Havana" },
    { "country_code": "PA", "country_name": "Panama", "capital": "Panama City" },
    { "country_code": "SM", "country_name": "San Marino", "capital": "San Marino" },
    { "country_code": "RS", "country_name": "Serbia", "capital": "Belgrade" },
    { "country_code": "SG", "country_name": "Singapore", "capital": "Singapore" },
    { "country_code": "BA", "country_name": "Bosnia and Herzegovina", "capital": "Sarajevo" },
    { "country_code": "EE", "country_name": "Estonia", "capital": "Tallinn" },
    { "country_code": "KZ", "country_name": "Kazakhstan", "capital": "Astana" },
    { "country_code": "MC", "country_name": "Monaco", "capital": "Monaco" },
    { "country_code": "PH", "country_name": "Philippines", "capital": "Manila" },
    { "country_code": "RO", "country_name": "Romania", "capital": "Bucharest" },
    { "country_code": "SI", "country_name": "Slovenia", "capital": "Ljubljana" },
    { "country_code": "UA", "country_name": "Ukraine", "capital": "Kyiv" },
    { "country_code": "CM", "country_name": "Cameroon", "capital": "Yaoundé" },
    { "country_code": "PE", "country_name": "Peru", "capital": "Lima" },
    { "country_code": "TH", "country_name": "Thailand", "capital": "Bangkok" },
    { "country_code": "SY", "country_name": "Syria", "capital": "Damascus" },
    { "country_code": "CO", "country_name": "Colombia", "capital": "Bogotá" },
    { "country_code": "MA", "country_name": "Morocco", "capital": "Rabat" },
    { "country_code": "NG", "country_name": "Nigeria", "capital": "Abuja" },
    { "country_code": "QA", "country_name": "Qatar", "capital": "Doha" },
    { "country_code": "AZ", "country_name": "Azerbaijan", "capital": "Baku" },
    { "country_code": "KH", "country_name": "Cambodia", "capital": "Phnom Penh" },
    { "country_code": "LU", "country_name": "Luxembourg", "capital": "Luxembourg" },
    { "country_code": "LK", "country_name": "Sri Lanka", "capital": "Sri Jayawardenepura Kotte" },
    { "country_code": "MG", "country_name": "Madagascar", "capital": "Antananarivo" },
    { "country_code": "NE", "country_name": "Niger", "capital": "Niamey" },
    { "country_code": "AE", "country_name": "United Arab Emirates", "capital": "Abu Dhabi" },
    { "country_code": "PG", "country_name": "Papua New Guinea", "capital": "Port Moresby" },
    { "country_code": "TW", "country_name": "Taiwan", "capital": "Taipei" },
    { "country_code": "CG", "country_name": "Congo", "capital": "Brazzaville" },
    { "country_code": "PW", "country_name": "Palau", "capital": "Ngerulmud" },
    { "country_code": "SC", "country_name": "Seychelles", "capital": "Victoria" },
    { "country_code": "SO", "country_name": "Somalia", "capital": "Mogadishu" },
    { "country_code": "UZ", "country_name": "Uzbekistan", "capital": "Tashkent" },
    { "country_code": "AO", "country_name": "Angola", "capital": "Luanda" },
    { "country_code": "BY", "country_name": "Belarus", "capital": "Minsk" },
    { "country_code": "JO", "country_name": "Jordan", "capital": "Amman" },
    { "country_code": "MM", "country_name": "Myanmar", "capital": "Naypyidaw" },
    { "country_code": "TO", "country_name": "Tonga", "capital": "Nukuʻalofa" },
    { "country_code": "TM", "country_name": "Turkmenistan", "capital": "Ashgabat" },
    { "country_code": "YE", "country_name": "Yemen", "capital": "Sana'a" },
    { "country_code": "SZ", "country_name": "Eswatini", "capital": "Mbabane" },
    { "country_code": "HN", "country_name": "Honduras", "capital": "Tegucigalpa" },
    { "country_code": "KW", "country_name": "Kuwait", "capital": "Kuwait City" },
    { "country_code": "LA", "country_name": "Laos", "capital": "Vientiane" },
    { "country_code": "LR", "country_name": "Liberia", "capital": "Monrovia" },
    { "country_code": "LI", "country_name": "Liechtenstein", "capital": "Vaduz" },
    { "country_code": "BH", "country_name": "Bahrain", "capital": "Manama" },
    { "country_code": "EC", "country_name": "Ecuador", "capital": "Quito" },
    { "country_code": "LV", "country_name": "Latvia", "capital": "Riga" },
    { "country_code": "LY", "country_name": "Libya", "capital": "Tripoli" },
    { "country_code": "OM", "country_name": "Oman", "capital": "Muscat" },
    { "country_code": "AF", "country_name": "Afghanistan", "capital": "Kabul" },
    { "country_code": "BF", "country_name": "Burkina Faso", "capital": "Ouagadougou" },
    { "country_code": "TT", "country_name": "Trinidad and Tobago", "capital": "Port of Spain" },
    { "country_code": "UG", "country_name": "Uganda", "capital": "Kampala" },
    { "country_code": "TD", "country_name": "Chad", "capital": "N'Djamena" },
    { "country_code": "CR", "country_name": "Costa Rica", "capital": "San José" }
  ],
  "Hard": [
    { "country_code": "GA", "country_name": "Gabon", "capital": "Libreville" },
    { "country_code": "MV", "country_name": "Maldives", "capital": "Malé" },
    { "country_code": "BN", "country_name": "Brunei", "capital": "Bandar Seri Begawan" },
    { "country_code": "ET", "country_name": "Ethiopia", "capital": "Addis Ababa" },
    { "country_code": "AD", "country_name": "Andorra", "capital": "Andorra la Vella" },
    { "country_code": "AM", "country_name": "Armenia", "capital": "Yerevan" },
    { "country_code": "BS", "country_name": "Bahamas", "capital": "Nassau" },
    { "country_code": "FJ", "country_name": "Fiji", "capital": "Suva" },
    { "country_code": "GH", "country_name": "Ghana", "capital": "Accra" },
    { "country_code": "LT", "country_name": "Lithuania", "capital": "Vilnius" },
    { "country_code": "MR", "country_name": "Mauritania", "capital": "Nouakchott" },
    { "country_code": "MD", "country_name": "Moldova", "capital": "Chișinău" },
    { "country_code": "MN", "country_name": "Mongolia", "capital": "Ulaanbaatar" },
    { "country_code": "ME", "country_name": "Montenegro", "capital": "Podgorica" },
    { "country_code": "PY", "country_name": "Paraguay", "capital": "Asunción" },
    { "country_code": "SN", "country_name": "Senegal", "capital": "Dakar" },
    { "country_code": "TZ", "country_name": "Tanzania", "capital": "Dodoma" },
    { "country_code": "AG", "country_name": "Antigua and Barbuda", "capital": "Saint John's" },
    { "country_code": "HT", "country_name": "Haiti", "capital": "Port-au-Prince" },
    { "country_code": "MZ", "country_name": "Mozambique", "capital": "Maputo" },
    { "country_code": "SS", "country_name": "South Sudan", "capital": "Juba" },
    { "country_code": "ZW", "country_name": "Zimbabwe", "capital": "Harare" },
    { "country_code": "KI", "country_name": "Kiribati", "capital": "Tarawa" },
    { "country_code": "MW", "country_name": "Malawi", "capital": "Lilongwe" },
    { "country_code": "BW", "country_name": "Botswana", "capital": "Gaborone" },
    { "country_code": "KM", "country_name": "Comoros", "capital": "Moroni" },
    { "country_code": "SV", "country_name": "El Salvador", "capital": "San Salvador" },
    { "country_code": "NI", "country_name": "Nicaragua", "capital": "Managua" },
    { "country_code": "SD", "country_name": "Sudan", "capital": "Khartoum" },
    { "country_code": "TJ", "country_name": "Tajikistan", "capital": "Dushanbe" },
    { "country_code": "KG", "country_name": "Kyrgyzstan", "capital": "Bishkek" },
    { "country_code": "MH", "country_name": "Marshall Islands", "capital": "Majuro" },
    { "country_code": "BZ", "country_name": "Belize", "capital": "Belmopan" },
    { "country_code": "ER", "country_name": "Eritrea", "capital": "Asmara" },
    { "country_code": "FM", "country_name": "Micronesia", "capital": "Palikir" },
    { "country_code": "NR", "country_name": "Nauru", "capital": "Yaren District" },
    { "country_code": "BI", "country_name": "Burundi", "capital": "Gitega" },
    { "country_code": "CV", "country_name": "Cape Verde", "capital": "Praia" },
    { "country_code": "DM", "country_name": "Dominica", "capital": "Roseau" },
    { "country_code": "TL", "country_name": "East Timor", "capital": "Dili" },
    { "country_code": "GY", "country_name": "Guyana", "capital": "Georgetown" },
    { "country_code": "RW", "country_name": "Rwanda", "capital": "Kigali" },
    { "country_code": "WS", "country_name": "Samoa", "capital": "Apia" },
    { "country_code": "LC", "country_name": "Saint Lucia", "capital": "Castries" },
    { "country_code": "DJ", "country_name": "Djibouti", "capital": "Djibouti" },
    { "country_code": "GT", "country_name": "Guatemala", "capital": "Guatemala City" },
    { "country_code": "LS", "country_name": "Lesotho", "capital": "Maseru" },
    { "country_code": "ML", "country_name": "Mali", "capital": "Bamako" },
    { "country_code": "NA", "country_name": "Namibia", "capital": "Windhoek" },
    { "country_code": "CG", "country_name": "Republic of the Congo", "capital": "Brazzaville" },
    { "country_code": "ZM", "country_name": "Zambia", "capital": "Lusaka" },
    { "country_code": "SL", "country_name": "Sierra Leone", "capital": "Freetown" },
    { "country_code": "TG", "country_name": "Togo", "capital": "Lomé" },
    { "country_code": "CF", "country_name": "Central African Republic", "capital": "Bangui" },
    { "country_code": "SR", "country_name": "Suriname", "capital": "Paramaribo" },
    { "country_code": "VU", "country_name": "Vanuatu", "capital": "Port Vila" },
    { "country_code": "BJ", "country_name": "Benin", "capital": "Porto-Novo" },
    { "country_code": "GQ", "country_name": "Equatorial Guinea", "capital": "Malabo" },
    { "country_code": "GD", "country_name": "Grenada", "capital": "St. George's" },
    { "country_code": "KN", "country_name": "Saint Kitts and Nevis", "capital": "Basseterre" },
    { "country_code": "GN", "country_name": "Guinea", "capital": "Conakry" },
    { "country_code": "MU", "country_name": "Mauritius", "capital": "Port Louis" },
    { "country_code": "ST", "country_name": "Sao Tome and Principe", "capital": "São Tomé" },
    { "country_code": "VC", "country_name": "Saint Vincent and the Grenadines", "capital": "Kingstown" },
    { "country_code": "TV", "country_name": "Tuvalu", "capital": "Funafuti" },
    { "country_code": "BO", "country_name": "Bolivia", "capital": "Sucre" },
    { "country_code": "GM", "country_name": "Gambia", "capital": "Banjul" },
    { "country_code": "GW", "country_name": "Guinea-Bissau", "capital": "Bissau" },
    { "country_code": "SB", "country_name": "Solomon Islands", "capital": "Honiara" }
  ]
}
